;Description
c25322_g1_i1;[]
c30179_g1_i1;[]
c40515_g1_i1;['gi|1583081090|gb|MH891152.1| Triticum aestivum clone OGRS_016827 pathogenesis-related protein PRB1-2-like mRNA, complete cds', 'gi|1149707617|ref|XM_020324325.1| PREDICTED: Aegilops tauschii subsp. tauschii pathogenesis-related protein PRB1-2-like (LOC109765543), mRNA', 'gi|1149734314|ref|XM_020314693.1| PREDICTED: Aegilops tauschii subsp. tauschii pathogenesis-related protein PRB1-2-like (LOC109755779), mRNA', 'gi|732806|emb|Z48728.1| H.vulgare Bpr1-1 gene for type-1 pathogenesis-related protein', 'gi|1251764875|dbj|AK446974.1| Triticum aestivum mRNA, clone: CK028-H14, cultivar Chinese Spring', 'gi|1251764438|dbj|AK446719.1| Triticum aestivum mRNA, clone: CK103-F10, cultivar Chinese Spring', 'gi|1251764436|dbj|AK446717.1| Triticum aestivum mRNA, clone: CK087-L20, cultivar Chinese Spring', 'gi|334903149|gb|HQ541980.1| Triticum aestivum cultivar BR34 pathogenesis-related protein 1-20 gene, complete cds >gi|570551518|gb|KF196315.1| Triticum aestivum cultivar Grandin clone 0510K2 pathogenesis-related protein 1-20 (Pr-1-20) mRNA, complete cds', 'gi|3702664|emb|AJ007349.1| Triticum aestivum mRNA for PR-1.2 protein', 'gi|151421027|dbj|AK252379.1| Hordeum vulgare subsp. vulgare cDNA clone: FLbaf151j17, mRNA sequence']
c56910_g1_i1;['gi|241988051|dbj|AK335308.1| Triticum aestivum cDNA, clone: WT012_J07, cultivar: Chinese Spring', 'gi|1149705008|ref|XM_020323046.1| PREDICTED: Aegilops tauschii subsp. tauschii homeobox-leucine zipper protein ROC5-like (LOC109764197), mRNA', 'gi|326490098|dbj|AK362919.1| Hordeum vulgare subsp. vulgare mRNA for predicted protein, complete cds, clone: NIASHv2011D04', 'gi|633954395|gb|KF857484.1| Avena strigosa cultivar S75 homeobox-leucine zipper protein (HDZ1) mRNA, complete cds', 'gi|1371077813|ref|XM_003570037.4| PREDICTED: Brachypodium distachyon homeobox-leucine zipper protein ROC5 (LOC100841844), mRNA', 'gi|1256546657|ref|XM_004967945.4| PREDICTED: Setaria italica homeobox-leucine zipper protein ROC5 (LOC101767335), transcript variant X2, mRNA', 'gi|1256546656|ref|XM_004967944.4| PREDICTED: Setaria italica homeobox-leucine zipper protein ROC5 (LOC101767335), transcript variant X1, mRNA', 'gi|1002843861|ref|XM_006647614.2| PREDICTED: Oryza brachyantha homeobox-leucine zipper protein ROC5 (LOC102710092), mRNA', 'gi|1435159761|ref|XM_025960666.1| PREDICTED: Panicum hallii homeobox-leucine zipper protein ROC5-like (LOC112893375), mRNA', 'gi|1358102552|gb|AC276757.1| Brachypodium distachyon clone FGYW281-O04, complete sequence']
c73719_g1_i1;['gi|1149727226|ref|XM_020333883.1| PREDICTED: Aegilops tauschii subsp. tauschii E3 ubiquitin-protein ligase RMA2-like (LOC109775122), mRNA', 'gi|326513979|dbj|AK360933.1| Hordeum vulgare subsp. vulgare mRNA for predicted protein, complete cds, clone: NIASHv1128K05', 'gi|326513979|dbj|AK360933.1| Hordeum vulgare subsp. vulgare mRNA for predicted protein, complete cds, clone: NIASHv1128K05', 'gi|326504223|dbj|AK359735.1| Hordeum vulgare subsp. vulgare mRNA for predicted protein, complete cds, clone: NIASHv1102A16', 'gi|1315011428|ref|XR_553621.3| PREDICTED: Zea mays E3 ubiquitin-protein ligase RMA1H1 (LOC103627470), transcript variant X4, misc_RNA', 'gi|1315011427|ref|XM_008647761.3| PREDICTED: Zea mays E3 ubiquitin-protein ligase RMA1H1 (LOC103627470), transcript variant X3, mRNA', 'gi|1315011426|ref|XR_553620.3| PREDICTED: Zea mays E3 ubiquitin-protein ligase RMA1H1 (LOC103627470), transcript variant X2, misc_RNA', 'gi|1315011425|ref|XM_008647759.3| PREDICTED: Zea mays E3 ubiquitin-protein ligase RMA1H1 (LOC103627470), transcript variant X1, mRNA', 'gi|1205952303|ref|XM_021459165.1| PREDICTED: Sorghum bicolor E3 ubiquitin-protein ligase RMA1H1 (LOC8074809), transcript variant X8, mRNA', 'gi|1205952301|ref|XM_021459164.1| PREDICTED: Sorghum bicolor E3 ubiquitin-protein ligase RMA1H1 (LOC8074809), transcript variant X7, mRNA', 'gi|1205952299|ref|XM_021459163.1| PREDICTED: Sorghum bicolor E3 ubiquitin-protein ligase RMA1H1 (LOC8074809), transcript variant X6, mRNA']
c73719_g1_i2;['gi|1149727226|ref|XM_020333883.1| PREDICTED: Aegilops tauschii subsp. tauschii E3 ubiquitin-protein ligase RMA2-like (LOC109775122), mRNA', 'gi|1149727226|ref|XM_020333883.1| PREDICTED: Aegilops tauschii subsp. tauschii E3 ubiquitin-protein ligase RMA2-like (LOC109775122), mRNA', 'gi|326504223|dbj|AK359735.1| Hordeum vulgare subsp. vulgare mRNA for predicted protein, complete cds, clone: NIASHv1102A16', 'gi|326513979|dbj|AK360933.1| Hordeum vulgare subsp. vulgare mRNA for predicted protein, complete cds, clone: NIASHv1128K05', 'gi|326513979|dbj|AK360933.1| Hordeum vulgare subsp. vulgare mRNA for predicted protein, complete cds, clone: NIASHv1128K05', 'gi|1315011428|ref|XR_553621.3| PREDICTED: Zea mays E3 ubiquitin-protein ligase RMA1H1 (LOC103627470), transcript variant X4, misc_RNA', 'gi|1315011427|ref|XM_008647761.3| PREDICTED: Zea mays E3 ubiquitin-protein ligase RMA1H1 (LOC103627470), transcript variant X3, mRNA', 'gi|1315011426|ref|XR_553620.3| PREDICTED: Zea mays E3 ubiquitin-protein ligase RMA1H1 (LOC103627470), transcript variant X2, misc_RNA', 'gi|1315011425|ref|XM_008647759.3| PREDICTED: Zea mays E3 ubiquitin-protein ligase RMA1H1 (LOC103627470), transcript variant X1, mRNA', 'gi|1205952303|ref|XM_021459165.1| PREDICTED: Sorghum bicolor E3 ubiquitin-protein ligase RMA1H1 (LOC8074809), transcript variant X8, mRNA', 'gi|1205952301|ref|XM_021459164.1| PREDICTED: Sorghum bicolor E3 ubiquitin-protein ligase RMA1H1 (LOC8074809), transcript variant X7, mRNA', 'gi|1205952299|ref|XM_021459163.1| PREDICTED: Sorghum bicolor E3 ubiquitin-protein ligase RMA1H1 (LOC8074809), transcript variant X6, mRNA']
c75133_g1_i1;['gi|1149820453|ref|XM_020313111.1| PREDICTED: Aegilops tauschii subsp. tauschii ribonuclease 1-like (LOC109754196), mRNA', 'gi|151420524|dbj|AK251876.1| Hordeum vulgare subsp. vulgare cDNA clone: FLbaf131f17, mRNA sequence', 'gi|241990869|dbj|AK331025.1| Triticum aestivum cDNA, clone: SET1_H17, cultivar: Chinese Spring', 'gi|2149999|gb|AF000939.1|AF000939 Hordeum vulgare aleurone ribonuclease mRNA, partial cds', 'gi|1149820457|ref|XM_020313114.1| PREDICTED: Aegilops tauschii subsp. tauschii ribonuclease 1-like (LOC109754198), mRNA', 'gi|242386369|emb|FP098974.1| Phyllostachys edulis cDNA clone: bphyem114k05, full insert sequence', 'gi|1002863661|ref|XM_006657930.2| PREDICTED: Oryza brachyantha ribonuclease 1 (LOC102722314), mRNA', 'gi|1371053184|ref|XM_003562584.4| PREDICTED: Brachypodium distachyon ribonuclease 1 (LOC100833857), mRNA', 'gi|1189419121|gb|CP018163.1| Oryza sativa Indica Group cultivar Shuhui498 chromosome 7 sequence', 'gi|1189419121|gb|CP018163.1| Oryza sativa Indica Group cultivar Shuhui498 chromosome 7 sequence', 'gi|1189419121|gb|CP018163.1| Oryza sativa Indica Group cultivar Shuhui498 chromosome 7 sequence', 'gi|1189419121|gb|CP018163.1| Oryza sativa Indica Group cultivar Shuhui498 chromosome 7 sequence', 'gi|932282624|gb|CP012610.1| Oryza sativa Indica Group cultivar RP Bio-226 chromosome 2 sequence', 'gi|932282624|gb|CP012610.1| Oryza sativa Indica Group cultivar RP Bio-226 chromosome 2 sequence']
c75168_g1_i2;['gi|1149716789|ref|XM_020328816.1| PREDICTED: Aegilops tauschii subsp. tauschii hypersensitive-induced response protein 1-like (LOC109770102), mRNA', 'gi|228018620|gb|FJ028662.1| Triticum aestivum hypersensitive induced reaction protein 2 (HIR2) mRNA, complete cds', 'gi|1251767865|dbj|AK449463.1| Triticum aestivum mRNA, clone: tplb0028k15, cultivar Chinese Spring', 'gi|1251767046|dbj|AK449205.1| Triticum aestivum mRNA, clone: tplb0026d07, cultivar Chinese Spring', 'gi|1251758383|dbj|AK456916.1| Triticum aestivum mRNA, clone: tplb0014f08, cultivar Chinese Spring', 'gi|323690820|gb|JF303885.1| Triticum aestivum hypersensitive induced reaction protein 2 (hir2) mRNA, complete cds', 'gi|1443100431|ref|XM_015756272.2| PREDICTED: Oryza sativa Japonica Group hypersensitive-induced response protein-like protein 2 (LOC4346849), mRNA', 'gi|1371090476|ref|XM_003577972.4| PREDICTED: Brachypodium distachyon hypersensitive-induced response protein-like protein 2 (LOC100832698), mRNA', 'gi|1189419123|gb|CP018165.1| Oryza sativa Indica Group cultivar Shuhui498 chromosome 9 sequence', 'gi|937931852|dbj|AP014965.1| Oryza sativa Japonica Group DNA, chromosome 9, cultivar: Nipponbare, complete sequence']
c75804_g2_i1;['gi|1488376582|ref|XM_026712268.1| PREDICTED: Pseudonaja textilis TBC1 domain family member 13 (TBC1D13), mRNA', 'gi|1591613436|emb|LR535854.1| Mastacembelus armatus genome assembly, chromosome: 22', 'gi|300681517|emb|FN564434.1| Triticum aestivum chromosome 3B-specific BAC library, contig ctg0954b', 'gi|1591613397|emb|LR535817.1| Denticeps clupeoides genome assembly, chromosome: 5', 'gi|1559463620|gb|CP034979.1| Takifugu bimaculatus chromosome 13']
c77977_g1_i2;['gi|1149744468|ref|XM_020339909.1| PREDICTED: Aegilops tauschii subsp. tauschii histone H1 (LOC109781302), mRNA', 'gi|11558847|emb|X59872.2| T.aestivum L mRNA for histone H1', 'gi|1251767114|dbj|AK449273.1| Triticum aestivum mRNA, clone: tplb0026m19, cultivar Chinese Spring', 'gi|1251755523|dbj|AK454054.1| Triticum aestivum mRNA, clone: tplb0004f02, cultivar Chinese Spring', 'gi|5230780|gb|AF107022.1|AF107022 Triticum aestivum histone H1 WH1A.1 mRNA, complete cds', 'gi|5230782|gb|AF107023.1|AF107023 Triticum aestivum histone H1 WH1A.2 mRNA, complete cds', 'gi|5230787|gb|AF107026.1|AF107026 Triticum aestivum histone H1 WH1A.3 mRNA, partial cds', 'gi|5230789|gb|AF107027.1|AF107027 Triticum aestivum histone H1 WH1A.4 mRNA, complete cds', 'gi|326520893|dbj|AK361606.1| Hordeum vulgare subsp. vulgare mRNA for predicted protein, complete cds, clone: NIASHv1144N23', 'gi|326495839|dbj|AK359331.1| Hordeum vulgare subsp. vulgare mRNA for predicted protein, complete cds, clone: NIASHv1094H06']
c78097_g2_i2;['gi|1149727228|ref|XM_020333884.1| PREDICTED: Aegilops tauschii subsp. tauschii transcription factor PIF4-like (LOC109775123), mRNA', 'gi|1149727228|ref|XM_020333884.1| PREDICTED: Aegilops tauschii subsp. tauschii transcription factor PIF4-like (LOC109775123), mRNA', 'gi|326514039|dbj|AK360963.1| Hordeum vulgare subsp. vulgare mRNA for predicted protein, complete cds, clone: NIASHv1129K08', 'gi|1256398884|ref|XM_012844280.3| PREDICTED: Setaria italica transcription factor PIF4 (LOC101780784), transcript variant X4, mRNA', 'gi|1256398881|ref|XM_022824780.1| PREDICTED: Setaria italica transcription factor PIF4 (LOC101780784), transcript variant X3, mRNA', 'gi|1256398879|ref|XM_004963079.4| PREDICTED: Setaria italica transcription factor PIF4 (LOC101780784), transcript variant X2, mRNA', 'gi|1256398845|ref|XM_004963078.4| PREDICTED: Setaria italica transcription factor PIF4 (LOC101780784), transcript variant X1, mRNA', 'gi|1390141091|gb|MG766283.1| Saccharum hybrid cultivar SP80-3280 phytochrome-interacting factor-5 mRNA, complete cds', 'gi|1390141091|gb|MG766283.1| Saccharum hybrid cultivar SP80-3280 phytochrome-interacting factor-5 mRNA, complete cds', 'gi|1205977743|ref|XM_021446562.1| PREDICTED: Sorghum bicolor transcription factor PIF4 (LOC8070136), transcript variant X5, mRNA', 'gi|1205977743|ref|XM_021446562.1| PREDICTED: Sorghum bicolor transcription factor PIF4 (LOC8070136), transcript variant X5, mRNA', 'gi|1205977741|ref|XM_021446561.1| PREDICTED: Sorghum bicolor transcription factor PIF4 (LOC8070136), transcript variant X4, mRNA', 'gi|1205977741|ref|XM_021446561.1| PREDICTED: Sorghum bicolor transcription factor PIF4 (LOC8070136), transcript variant X4, mRNA', 'gi|1205977739|ref|XM_021446560.1| PREDICTED: Sorghum bicolor transcription factor PIF4 (LOC8070136), transcript variant X3, mRNA', 'gi|1205977739|ref|XM_021446560.1| PREDICTED: Sorghum bicolor transcription factor PIF4 (LOC8070136), transcript variant X3, mRNA']
c78201_g2_i2;['gi|1149733581|ref|XM_020336087.1| PREDICTED: Aegilops tauschii subsp. tauschii uncharacterized LOC109777454 (LOC109777454), mRNA', 'gi|326497942|dbj|AK363631.1| Hordeum vulgare subsp. vulgare mRNA for predicted protein, complete cds, clone: NIASHv2017H22', 'gi|1371075262|ref|XM_003570667.4| PREDICTED: Brachypodium distachyon uncharacterized LOC100827583 (LOC100827583), mRNA', 'gi|1256313906|ref|XM_004954433.3| PREDICTED: Setaria italica uncharacterized LOC101782601 (LOC101782601), mRNA', 'gi|1205955967|ref|XM_002453041.2| PREDICTED: Sorghum bicolor uncharacterized LOC8055352 (LOC8055352), mRNA', 'gi|1435112918|ref|XM_025948368.1| PREDICTED: Panicum hallii uncharacterized LOC112883131 (LOC112883131), mRNA', 'gi|1002842494|ref|XM_006648101.2| PREDICTED: Oryza brachyantha uncharacterized LOC102709148 (LOC102709148), mRNA', 'gi|1189419116|gb|CP018158.1| Oryza sativa Indica Group cultivar Shuhui498 chromosome 2 sequence', 'gi|932282624|gb|CP012610.1| Oryza sativa Indica Group cultivar RP Bio-226 chromosome 2 sequence', 'gi|1443059378|ref|XM_015769852.2| PREDICTED: Oryza sativa Japonica Group uncharacterized LOC107276217 (LOC107276217), mRNA']
c78386_g1_i2;['gi|1149799012|ref|XM_020304512.1| PREDICTED: Aegilops tauschii subsp. tauschii DNA damage-repair/toleration protein DRT100-like (LOC109745395), mRNA', 'gi|1149799012|ref|XM_020304512.1| PREDICTED: Aegilops tauschii subsp. tauschii DNA damage-repair/toleration protein DRT100-like (LOC109745395), mRNA', 'gi|1149798992|ref|XM_020304505.1| PREDICTED: Aegilops tauschii subsp. tauschii LRR receptor-like serine/threonine-protein kinase FLS2 (LOC109745389), mRNA', 'gi|1149798992|ref|XM_020304505.1| PREDICTED: Aegilops tauschii subsp. tauschii LRR receptor-like serine/threonine-protein kinase FLS2 (LOC109745389), mRNA', 'gi|1149798992|ref|XM_020304505.1| PREDICTED: Aegilops tauschii subsp. tauschii LRR receptor-like serine/threonine-protein kinase FLS2 (LOC109745389), mRNA', 'gi|241989834|dbj|AK330375.1| Triticum aestivum cDNA, clone: SET4_E22, cultivar: Chinese Spring', 'gi|241989834|dbj|AK330375.1| Triticum aestivum cDNA, clone: SET4_E22, cultivar: Chinese Spring', 'gi|326520246|dbj|AK376187.1| Hordeum vulgare subsp. vulgare mRNA for predicted protein, complete cds, clone: NIASHv3117I06', 'gi|326520246|dbj|AK376187.1| Hordeum vulgare subsp. vulgare mRNA for predicted protein, complete cds, clone: NIASHv3117I06', 'gi|326520246|dbj|AK376187.1| Hordeum vulgare subsp. vulgare mRNA for predicted protein, complete cds, clone: NIASHv3117I06', 'gi|1251764629|dbj|AK446910.1| Triticum aestivum mRNA, clone: CK035-A18, cultivar Chinese Spring', 'gi|1149765102|ref|XM_020292071.1| PREDICTED: Aegilops tauschii subsp. tauschii phytosulfokine receptor 2-like (LOC109732872), mRNA', 'gi|1149765102|ref|XM_020292071.1| PREDICTED: Aegilops tauschii subsp. tauschii phytosulfokine receptor 2-like (LOC109732872), mRNA', 'gi|1149765102|ref|XM_020292071.1| PREDICTED: Aegilops tauschii subsp. tauschii phytosulfokine receptor 2-like (LOC109732872), mRNA', 'gi|1149765099|ref|XM_020292070.1| PREDICTED: Aegilops tauschii subsp. tauschii probable LRR receptor-like serine/threonine-protein kinase At4g36180 (LOC109732870), mRNA', 'gi|1149765099|ref|XM_020292070.1| PREDICTED: Aegilops tauschii subsp. tauschii probable LRR receptor-like serine/threonine-protein kinase At4g36180 (LOC109732870), mRNA', 'gi|326525560|dbj|AK357613.1| Hordeum vulgare subsp. vulgare mRNA for predicted protein, complete cds, clone: NIASHv1057K05', 'gi|326525560|dbj|AK357613.1| Hordeum vulgare subsp. vulgare mRNA for predicted protein, complete cds, clone: NIASHv1057K05', 'gi|326525560|dbj|AK357613.1| Hordeum vulgare subsp. vulgare mRNA for predicted protein, complete cds, clone: NIASHv1057K05', 'gi|326509464|dbj|AK360440.1| Hordeum vulgare subsp. vulgare mRNA for predicted protein, complete cds, clone: NIASHv1118D11', 'gi|326509464|dbj|AK360440.1| Hordeum vulgare subsp. vulgare mRNA for predicted protein, complete cds, clone: NIASHv1118D11', 'gi|326509464|dbj|AK360440.1| Hordeum vulgare subsp. vulgare mRNA for predicted protein, complete cds, clone: NIASHv1118D11', 'gi|326504399|dbj|AK359823.1| Hordeum vulgare subsp. vulgare mRNA for predicted protein, complete cds, clone: NIASHv1103M19', 'gi|326504399|dbj|AK359823.1| Hordeum vulgare subsp. vulgare mRNA for predicted protein, complete cds, clone: NIASHv1103M19', 'gi|326504399|dbj|AK359823.1| Hordeum vulgare subsp. vulgare mRNA for predicted protein, complete cds, clone: NIASHv1103M19']
c79702_g1_i1;['gi|326520522|dbj|AK376325.1| Hordeum vulgare subsp. vulgare mRNA for predicted protein, partial cds, clone: NIASHv3120N19', 'gi|326520522|dbj|AK376325.1| Hordeum vulgare subsp. vulgare mRNA for predicted protein, partial cds, clone: NIASHv3120N19', 'gi|326520522|dbj|AK376325.1| Hordeum vulgare subsp. vulgare mRNA for predicted protein, partial cds, clone: NIASHv3120N19', 'gi|326520717|dbj|AK361518.1| Hordeum vulgare subsp. vulgare mRNA for predicted protein, partial cds, clone: NIASHv1142I09', 'gi|326520717|dbj|AK361518.1| Hordeum vulgare subsp. vulgare mRNA for predicted protein, partial cds, clone: NIASHv1142I09', 'gi|1149704020|ref|XM_020319651.1| PREDICTED: Aegilops tauschii subsp. tauschii O-acyltransferase WSD1-like (LOC109760845), mRNA', 'gi|1149704020|ref|XM_020319651.1| PREDICTED: Aegilops tauschii subsp. tauschii O-acyltransferase WSD1-like (LOC109760845), mRNA', 'gi|242385712|emb|FP093564.1| Phyllostachys edulis cDNA clone: bphylf056b03, full insert sequence', 'gi|242385712|emb|FP093564.1| Phyllostachys edulis cDNA clone: bphylf056b03, full insert sequence', 'gi|1002234246|ref|XM_015765847.1| PREDICTED: Oryza sativa Japonica Group O-acyltransferase WSD1 (LOC4325602), mRNA', 'gi|1002234246|ref|XM_015765847.1| PREDICTED: Oryza sativa Japonica Group O-acyltransferase WSD1 (LOC4325602), mRNA', 'gi|37990172|dbj|AK120549.1| Oryza sativa Japonica Group cDNA clone:J013130A21, full insert sequence', 'gi|37990172|dbj|AK120549.1| Oryza sativa Japonica Group cDNA clone:J013130A21, full insert sequence', 'gi|1251765627|dbj|AK448457.1| Triticum aestivum mRNA, clone: tplb0059i21, cultivar Chinese Spring', 'gi|1251765627|dbj|AK448457.1| Triticum aestivum mRNA, clone: tplb0059i21, cultivar Chinese Spring', 'gi|1149838743|ref|XM_020319961.1| PREDICTED: Aegilops tauschii subsp. tauschii O-acyltransferase WSD1-like (LOC109761163), mRNA', 'gi|1149838743|ref|XM_020319961.1| PREDICTED: Aegilops tauschii subsp. tauschii O-acyltransferase WSD1-like (LOC109761163), mRNA', 'gi|326490456|dbj|AK353673.1| Hordeum vulgare subsp. vulgare mRNA for predicted protein, complete cds, clone: NIASHv1001P17', 'gi|326490456|dbj|AK353673.1| Hordeum vulgare subsp. vulgare mRNA for predicted protein, complete cds, clone: NIASHv1001P17', 'gi|1189419115|gb|CP018157.1| Oryza sativa Indica Group cultivar Shuhui498 chromosome 1 sequence', 'gi|1189419115|gb|CP018157.1| Oryza sativa Indica Group cultivar Shuhui498 chromosome 1 sequence', 'gi|1189419115|gb|CP018157.1| Oryza sativa Indica Group cultivar Shuhui498 chromosome 1 sequence', 'gi|1189419115|gb|CP018157.1| Oryza sativa Indica Group cultivar Shuhui498 chromosome 1 sequence', 'gi|1189419115|gb|CP018157.1| Oryza sativa Indica Group cultivar Shuhui498 chromosome 1 sequence', 'gi|1189419115|gb|CP018157.1| Oryza sativa Indica Group cultivar Shuhui498 chromosome 1 sequence', 'gi|1189419115|gb|CP018157.1| Oryza sativa Indica Group cultivar Shuhui498 chromosome 1 sequence', 'gi|1189419115|gb|CP018157.1| Oryza sativa Indica Group cultivar Shuhui498 chromosome 1 sequence', 'gi|1189419115|gb|CP018157.1| Oryza sativa Indica Group cultivar Shuhui498 chromosome 1 sequence']
c79702_g1_i2;['gi|326520717|dbj|AK361518.1| Hordeum vulgare subsp. vulgare mRNA for predicted protein, partial cds, clone: NIASHv1142I09', 'gi|1149704020|ref|XM_020319651.1| PREDICTED: Aegilops tauschii subsp. tauschii O-acyltransferase WSD1-like (LOC109760845), mRNA', 'gi|242385712|emb|FP093564.1| Phyllostachys edulis cDNA clone: bphylf056b03, full insert sequence', 'gi|326520522|dbj|AK376325.1| Hordeum vulgare subsp. vulgare mRNA for predicted protein, partial cds, clone: NIASHv3120N19', 'gi|326520522|dbj|AK376325.1| Hordeum vulgare subsp. vulgare mRNA for predicted protein, partial cds, clone: NIASHv3120N19', 'gi|1371060960|ref|XM_014899400.2| PREDICTED: Brachypodium distachyon O-acyltransferase WSD1 (LOC100836245), transcript variant X1, mRNA', 'gi|1149806479|ref|XM_020307424.1| PREDICTED: Aegilops tauschii subsp. tauschii O-acyltransferase WSD1-like (LOC109748393), mRNA', 'gi|1002234246|ref|XM_015765847.1| PREDICTED: Oryza sativa Japonica Group O-acyltransferase WSD1 (LOC4325602), mRNA', 'gi|37990172|dbj|AK120549.1| Oryza sativa Japonica Group cDNA clone:J013130A21, full insert sequence', 'gi|1251765627|dbj|AK448457.1| Triticum aestivum mRNA, clone: tplb0059i21, cultivar Chinese Spring', 'gi|326490456|dbj|AK353673.1| Hordeum vulgare subsp. vulgare mRNA for predicted protein, complete cds, clone: NIASHv1001P17']
c79729_g2_i2;['gi|1149798987|ref|XM_020304503.1| PREDICTED: Aegilops tauschii subsp. tauschii receptor-like protein 2 (LOC109745387), mRNA', 'gi|1149798987|ref|XM_020304503.1| PREDICTED: Aegilops tauschii subsp. tauschii receptor-like protein 2 (LOC109745387), mRNA', 'gi|1149798987|ref|XM_020304503.1| PREDICTED: Aegilops tauschii subsp. tauschii receptor-like protein 2 (LOC109745387), mRNA', 'gi|1149798987|ref|XM_020304503.1| PREDICTED: Aegilops tauschii subsp. tauschii receptor-like protein 2 (LOC109745387), mRNA', 'gi|1026191344|gb|KU204390.1| Triticum aestivum ice recrystallization inhibition protein IRI6 mRNA, complete cds', 'gi|1026191344|gb|KU204390.1| Triticum aestivum ice recrystallization inhibition protein IRI6 mRNA, complete cds', 'gi|1026191344|gb|KU204390.1| Triticum aestivum ice recrystallization inhibition protein IRI6 mRNA, complete cds', 'gi|1026191344|gb|KU204390.1| Triticum aestivum ice recrystallization inhibition protein IRI6 mRNA, complete cds', 'gi|1026191386|gb|KU204411.1| Thinopyrum elongatum ice recrystallization inhibition protein IRI mRNA, complete cds', 'gi|1026191386|gb|KU204411.1| Thinopyrum elongatum ice recrystallization inhibition protein IRI mRNA, complete cds', 'gi|1026191386|gb|KU204411.1| Thinopyrum elongatum ice recrystallization inhibition protein IRI mRNA, complete cds', 'gi|1026191386|gb|KU204411.1| Thinopyrum elongatum ice recrystallization inhibition protein IRI mRNA, complete cds', 'gi|1026191364|gb|KU204400.1| Aegilops kotschyi ice recrystallization inhibition protein IRI mRNA, complete cds', 'gi|1026191364|gb|KU204400.1| Aegilops kotschyi ice recrystallization inhibition protein IRI mRNA, complete cds', 'gi|1026191364|gb|KU204400.1| Aegilops kotschyi ice recrystallization inhibition protein IRI mRNA, complete cds', 'gi|1026191364|gb|KU204400.1| Aegilops kotschyi ice recrystallization inhibition protein IRI mRNA, complete cds', 'gi|1026191364|gb|KU204400.1| Aegilops kotschyi ice recrystallization inhibition protein IRI mRNA, complete cds', 'gi|1026191362|gb|KU204399.1| Aegilops cylindrica ice recrystallization inhibition protein IRI2 mRNA, complete cds', 'gi|1026191362|gb|KU204399.1| Aegilops cylindrica ice recrystallization inhibition protein IRI2 mRNA, complete cds', 'gi|1026191362|gb|KU204399.1| Aegilops cylindrica ice recrystallization inhibition protein IRI2 mRNA, complete cds', 'gi|1026191362|gb|KU204399.1| Aegilops cylindrica ice recrystallization inhibition protein IRI2 mRNA, complete cds', 'gi|1026191368|gb|KU204402.1| Aegilops triuncialis ice recrystallization inhibition protein IRI1 mRNA, complete cds >gi|1026191388|gb|KU204412.1| Thinopyrum intermedium ice recrystallization inhibition protein IRI mRNA, complete cds', 'gi|1026191368|gb|KU204402.1| Aegilops triuncialis ice recrystallization inhibition protein IRI1 mRNA, complete cds >gi|1026191388|gb|KU204412.1| Thinopyrum intermedium ice recrystallization inhibition protein IRI mRNA, complete cds', 'gi|1026191368|gb|KU204402.1| Aegilops triuncialis ice recrystallization inhibition protein IRI1 mRNA, complete cds >gi|1026191388|gb|KU204412.1| Thinopyrum intermedium ice recrystallization inhibition protein IRI mRNA, complete cds', 'gi|1026191368|gb|KU204402.1| Aegilops triuncialis ice recrystallization inhibition protein IRI1 mRNA, complete cds >gi|1026191388|gb|KU204412.1| Thinopyrum intermedium ice recrystallization inhibition protein IRI mRNA, complete cds', 'gi|1026191390|gb|KU204413.1| Secale cereale ice recrystallization inhibition protein IRI1 mRNA, complete cds', 'gi|1026191390|gb|KU204413.1| Secale cereale ice recrystallization inhibition protein IRI1 mRNA, complete cds', 'gi|1026191390|gb|KU204413.1| Secale cereale ice recrystallization inhibition protein IRI1 mRNA, complete cds', 'gi|1026191378|gb|KU204407.1| Aegilops uniaristata ice recrystallization inhibition protein IRI2 mRNA, complete cds', 'gi|1026191378|gb|KU204407.1| Aegilops uniaristata ice recrystallization inhibition protein IRI2 mRNA, complete cds', 'gi|1026191378|gb|KU204407.1| Aegilops uniaristata ice recrystallization inhibition protein IRI2 mRNA, complete cds', 'gi|1026191378|gb|KU204407.1| Aegilops uniaristata ice recrystallization inhibition protein IRI2 mRNA, complete cds', 'gi|1026191382|gb|KU204409.1| Elymus nodosus subsp. caespitosus ice recrystallization inhibition protein IRI1 mRNA, complete cds', 'gi|1026191382|gb|KU204409.1| Elymus nodosus subsp. caespitosus ice recrystallization inhibition protein IRI1 mRNA, complete cds', 'gi|1026191382|gb|KU204409.1| Elymus nodosus subsp. caespitosus ice recrystallization inhibition protein IRI1 mRNA, complete cds', 'gi|1026191382|gb|KU204409.1| Elymus nodosus subsp. caespitosus ice recrystallization inhibition protein IRI1 mRNA, complete cds', 'gi|1026191382|gb|KU204409.1| Elymus nodosus subsp. caespitosus ice recrystallization inhibition protein IRI1 mRNA, complete cds', 'gi|1026191372|gb|KU204404.1| Aegilops umbellulata ice recrystallization inhibition protein IRI1 mRNA, complete cds', 'gi|1026191372|gb|KU204404.1| Aegilops umbellulata ice recrystallization inhibition protein IRI1 mRNA, complete cds', 'gi|1026191372|gb|KU204404.1| Aegilops umbellulata ice recrystallization inhibition protein IRI1 mRNA, complete cds']
c79812_g9_i1;['gi|1149822613|ref|XM_020313919.1| PREDICTED: Aegilops tauschii subsp. tauschii AT-hook motif nuclear-localized protein 10-like (LOC109755038), mRNA', 'gi|241987775|dbj|AK335032.1| Triticum aestivum cDNA, clone: WT011_N20, cultivar: Chinese Spring', 'gi|1251767799|dbj|AK449694.1| Triticum aestivum mRNA, clone: tplb0030i15, cultivar Chinese Spring', 'gi|1149761204|ref|XM_020290590.1| PREDICTED: Aegilops tauschii subsp. tauschii uncharacterized LOC109731441 (LOC109731441), transcript variant X1, mRNA', 'gi|1282798539|gb|MG560142.1| Triticum aestivum omega gliadin-D1, omega gliadin-D2, omega gliadin-D3, gamma gliadin-D1, delta gliadin-D1, gamma gliadin-D2, gamma gliadin-D3, gamma gliadin-D4, LMW-D1, LMW-D2, LMW-D3, LMW-D6, and LMW-D7 genes, complete cds', 'gi|1282798539|gb|MG560142.1| Triticum aestivum omega gliadin-D1, omega gliadin-D2, omega gliadin-D3, gamma gliadin-D1, delta gliadin-D1, gamma gliadin-D2, gamma gliadin-D3, gamma gliadin-D4, LMW-D1, LMW-D2, LMW-D3, LMW-D6, and LMW-D7 genes, complete cds', 'gi|591390447|gb|JX295577.2| Aegilops tauschii chromosome 1Ds prolamin gene locus, complete sequence', 'gi|383100758|emb|HE774676.1| Triticum aestivum chromosome arm 3DS-specific BAC library, contig ctg447', 'gi|1149834974|ref|XM_020318446.1| PREDICTED: Aegilops tauschii subsp. tauschii AT-hook motif nuclear-localized protein 4-like (LOC109759619), mRNA']
c81094_g2_i2;['gi|1149760330|ref|XM_020345895.1| PREDICTED: Aegilops tauschii subsp. tauschii AP2/ERF and B3 domain-containing protein Os01g0141000-like (LOC109787333), mRNA', 'gi|1149759384|ref|XM_020345544.1| PREDICTED: Aegilops tauschii subsp. tauschii AP2/ERF and B3 domain-containing protein Os01g0141000-like (LOC109786984), mRNA', 'gi|326512745|dbj|AK372082.1| Hordeum vulgare subsp. vulgare mRNA for predicted protein, partial cds, clone: NIASHv2146E06', 'gi|1149759428|ref|XM_020345557.1| PREDICTED: Aegilops tauschii subsp. tauschii AP2/ERF and B3 domain-containing protein Os01g0141000-like (LOC109786996), transcript variant X1, mRNA', 'gi|1149757334|ref|XM_020344782.1| PREDICTED: Aegilops tauschii subsp. tauschii AP2/ERF and B3 domain-containing protein Os01g0141000-like (LOC109786193), transcript variant X1, mRNA', 'gi|1149732102|ref|XM_020335584.1| PREDICTED: Aegilops tauschii subsp. tauschii AP2/ERF and B3 domain-containing protein Os01g0141000-like (LOC109776923), transcript variant X1, mRNA', 'gi|1149759432|ref|XM_020345558.1| PREDICTED: Aegilops tauschii subsp. tauschii AP2/ERF and B3 domain-containing protein Os01g0141000-like (LOC109786996), transcript variant X2, mRNA', 'gi|1149757336|ref|XM_020344783.1| PREDICTED: Aegilops tauschii subsp. tauschii AP2/ERF and B3 domain-containing protein Os01g0141000-like (LOC109786193), transcript variant X2, mRNA', 'gi|1149732104|ref|XM_020335585.1| PREDICTED: Aegilops tauschii subsp. tauschii AP2/ERF and B3 domain-containing protein Os01g0141000-like (LOC109776923), transcript variant X2, mRNA', 'gi|1149811430|ref|XM_020309333.1| PREDICTED: Aegilops tauschii subsp. tauschii AP2/ERF and B3 domain-containing protein Os01g0141000-like (LOC109750367), mRNA']
c81805_g1_i1;['gi|1149760875|ref|XM_020346109.1| PREDICTED: Aegilops tauschii subsp. tauschii glutaredoxin-C1-like (LOC109787568), mRNA', 'gi|1149760862|ref|XM_020346103.1| PREDICTED: Aegilops tauschii subsp. tauschii glutaredoxin-C1-like (LOC109787555), mRNA', 'gi|1149796894|ref|XM_020303706.1| PREDICTED: Aegilops tauschii subsp. tauschii glutaredoxin-C1-like (LOC109744552), mRNA', 'gi|1149796892|ref|XM_020303705.1| PREDICTED: Aegilops tauschii subsp. tauschii glutaredoxin-C1-like (LOC109744551), mRNA', 'gi|1149796886|ref|XM_020303701.1| PREDICTED: Aegilops tauschii subsp. tauschii glutaredoxin-C1-like (LOC109744548), mRNA', 'gi|1149760864|ref|XM_020346104.1| PREDICTED: Aegilops tauschii subsp. tauschii glutaredoxin-C1-like (LOC109787556), mRNA', 'gi|326534281|dbj|AK358277.1| Hordeum vulgare subsp. vulgare mRNA for predicted protein, complete cds, clone: NIASHv1072I17', 'gi|1149796898|ref|XM_020303708.1| PREDICTED: Aegilops tauschii subsp. tauschii glutaredoxin-C1 (LOC109744554), mRNA', 'gi|1371064518|ref|XM_003567640.4| PREDICTED: Brachypodium distachyon glutaredoxin-C1 (LOC100836447), mRNA', 'gi|1443038627|ref|XM_015787510.2| PREDICTED: Oryza sativa Japonica Group glutaredoxin-C1-like (LOC4325734), mRNA']
c82936_g5_i1;['gi|1149749321|ref|XM_020341714.1| PREDICTED: Aegilops tauschii subsp. tauschii CASP-like protein 2C3 (LOC109783112), mRNA', 'gi|241985167|dbj|AK332427.1| Triticum aestivum cDNA, clone: WT003_P06, cultivar: Chinese Spring', 'gi|326487178|dbj|AK358360.1| Hordeum vulgare subsp. vulgare mRNA for predicted protein, complete cds, clone: NIASHv1074O22', 'gi|242381966|emb|FP096952.1| Phyllostachys edulis cDNA clone: bphylf043m17, full insert sequence', 'gi|1256484608|ref|XM_004965628.4| PREDICTED: Setaria italica CASP-like protein 2C2 (LOC101762702), mRNA', 'gi|1205986807|ref|XM_002437348.2| PREDICTED: Sorghum bicolor CASP-like protein 2C1 (LOC8058451), mRNA', 'gi|1491609399|ref|NM_001366700.1| Zea mays uncharacterized LOC100284498 (LOC100284498), mRNA', 'gi|195616719|gb|EU958072.1| Zea mays clone 1671417 membrane protein mRNA, complete cds', 'gi|1002861308|ref|XM_006657145.2| PREDICTED: Oryza brachyantha CASP-like protein 2C1 (LOC102720999), mRNA', 'gi|242388599|emb|FP095060.1| Phyllostachys edulis cDNA clone: bphyem104o20, full insert sequence']
c83378_g1_i4;['gi|326529498|dbj|AK373499.1| Hordeum vulgare subsp. vulgare mRNA for predicted protein, complete cds, clone: NIASHv3033A02', 'gi|1006592219|gb|KU721941.1| Hordeum vulgare subsp. vulgare clone BAC 66C06, complete sequence', 'gi|1006592219|gb|KU721941.1| Hordeum vulgare subsp. vulgare clone BAC 66C06, complete sequence', 'gi|1006592219|gb|KU721941.1| Hordeum vulgare subsp. vulgare clone BAC 66C06, complete sequence', 'gi|1006592219|gb|KU721941.1| Hordeum vulgare subsp. vulgare clone BAC 66C06, complete sequence', 'gi|1006592219|gb|KU721941.1| Hordeum vulgare subsp. vulgare clone BAC 66C06, complete sequence', 'gi|1371084488|ref|XM_003578494.4| PREDICTED: Brachypodium distachyon cytochrome P450 709B2 (LOC100837734), transcript variant X1, mRNA', 'gi|1371084489|ref|XM_024462794.1| PREDICTED: Brachypodium distachyon cytochrome P450 709B2 (LOC100837734), transcript variant X2, mRNA', 'gi|1149802080|ref|XM_020305724.1| PREDICTED: Aegilops tauschii subsp. tauschii cytochrome P450 709B2-like (LOC109746606), mRNA', 'gi|1371071925|ref|XM_003574746.3| PREDICTED: Brachypodium distachyon cytochrome P450 709B1 (LOC100835345), mRNA', 'gi|1371049193|ref|XM_003562562.4| PREDICTED: Brachypodium distachyon cytochrome P450 709B1 (LOC100826947), mRNA', 'gi|1435129495|ref|XM_025947193.1| PREDICTED: Panicum hallii cytochrome P450 709B2-like (LOC112882198), transcript variant X2, mRNA', 'gi|1435129494|ref|XR_003226620.1| PREDICTED: Panicum hallii cytochrome P450 709B2-like (LOC112882198), transcript variant X1, misc_RNA', 'gi|1205930357|ref|XM_002463202.2| PREDICTED: Sorghum bicolor cytochrome P450 709B2 (LOC8079381), mRNA', 'gi|1205930357|ref|XM_002463202.2| PREDICTED: Sorghum bicolor cytochrome P450 709B2 (LOC8079381), mRNA']
c84390_g10_i1;"['gi|409102189|emb|HE996617.1| Triticum aestivum cv. Arina SNP, chromosome 3B, clone Taes_arina_ctg_59868', 'gi|1377124390|gb|MF443757.1| Hordeum vulgare subsp. vulgare cultivar Morex Rfm1 gene locus, complete sequence', 'gi|1337925975|emb|LT727683.1| Triticum aestivum Stb6 gene and surrounding genomic DNA sequence, clone Tae-B-CsE-673A7', 'gi|1314675485|gb|KY485189.1| Triticum aestivum WAKL1 pseudogene, complete sequence; and WAKL2 (WAKL2), WAKL3 (WAKL3), and Stb6 (Stb6) genes, complete cds', 'gi|300681517|emb|FN564434.1| Triticum aestivum chromosome 3B-specific BAC library, contig ctg0954b', ""gi|506948151|dbj|AB736318.1| Triticum aestivum TaABA8'OH1-D gene for ABA 8'-hydroxylase, partial cds, cultivar: Shinchunaga"", 'gi|1251758439|dbj|AK456972.1| Triticum aestivum mRNA, clone: tplb0014i02, cultivar Chinese Spring', 'gi|38502801|gb|AY376310.1| Triticum aestivum transposon-like element Hikkoshi, complete sequence', 'gi|26655532|gb|AF123603.1| Triticum aestivum clone CYP71C3-TA cytochrome P450 mRNA, complete cds', 'gi|962093022|gb|KP721800.1| Triticum aestivum vernalization response protein (Vrn-D1) gene, Vrn-D1c allele, promoter region']"
c85106_g1_i1;['gi|326515001|dbj|AK368659.1| Hordeum vulgare subsp. vulgare mRNA for predicted protein, complete cds, clone: NIASHv2077K05', 'gi|326515001|dbj|AK368659.1| Hordeum vulgare subsp. vulgare mRNA for predicted protein, complete cds, clone: NIASHv2077K05', 'gi|326512383|dbj|AK368344.1| Hordeum vulgare subsp. vulgare mRNA for predicted protein, complete cds, clone: NIASHv2072G08', 'gi|326512383|dbj|AK368344.1| Hordeum vulgare subsp. vulgare mRNA for predicted protein, complete cds, clone: NIASHv2072G08', 'gi|1149839265|ref|XM_020320150.1| PREDICTED: Aegilops tauschii subsp. tauschii thiosulfate sulfurtransferase 16, chloroplastic-like (LOC109761339), transcript variant X2, mRNA', 'gi|1149839265|ref|XM_020320150.1| PREDICTED: Aegilops tauschii subsp. tauschii thiosulfate sulfurtransferase 16, chloroplastic-like (LOC109761339), transcript variant X2, mRNA', 'gi|1149839265|ref|XM_020320150.1| PREDICTED: Aegilops tauschii subsp. tauschii thiosulfate sulfurtransferase 16, chloroplastic-like (LOC109761339), transcript variant X2, mRNA', 'gi|60100237|gb|AY781360.1| Triticum aestivum senescence-associated protein (SAP) mRNA, complete cds', 'gi|60100237|gb|AY781360.1| Triticum aestivum senescence-associated protein (SAP) mRNA, complete cds', 'gi|60100237|gb|AY781360.1| Triticum aestivum senescence-associated protein (SAP) mRNA, complete cds', 'gi|1251767691|dbj|AK449586.1| Triticum aestivum mRNA, clone: tplb0029k14, cultivar Chinese Spring', 'gi|1251767691|dbj|AK449586.1| Triticum aestivum mRNA, clone: tplb0029k14, cultivar Chinese Spring', 'gi|1251767691|dbj|AK449586.1| Triticum aestivum mRNA, clone: tplb0029k14, cultivar Chinese Spring', 'gi|241990168|dbj|AK330510.1| Triticum aestivum cDNA, clone: SET4_K02, cultivar: Chinese Spring', 'gi|241990168|dbj|AK330510.1| Triticum aestivum cDNA, clone: SET4_K02, cultivar: Chinese Spring', 'gi|241990168|dbj|AK330510.1| Triticum aestivum cDNA, clone: SET4_K02, cultivar: Chinese Spring', 'gi|1251764415|dbj|AK446696.1| Triticum aestivum mRNA, clone: CK080-B15, cultivar Chinese Spring', 'gi|1251764415|dbj|AK446696.1| Triticum aestivum mRNA, clone: CK080-B15, cultivar Chinese Spring', 'gi|1251764415|dbj|AK446696.1| Triticum aestivum mRNA, clone: CK080-B15, cultivar Chinese Spring', 'gi|1371038406|ref|XM_010241315.3| PREDICTED: Brachypodium distachyon thiosulfate sulfurtransferase 16, chloroplastic (LOC100820881), mRNA', 'gi|1149839259|ref|XM_020320148.1| PREDICTED: Aegilops tauschii subsp. tauschii thiosulfate sulfurtransferase 16, chloroplastic-like (LOC109761336), mRNA', 'gi|554781997|dbj|AK435783.1| Brachypodium distachyon mRNA, clone: PL016C01-A-075_C02']
c85106_g1_i9;['gi|326515001|dbj|AK368659.1| Hordeum vulgare subsp. vulgare mRNA for predicted protein, complete cds, clone: NIASHv2077K05', 'gi|326512383|dbj|AK368344.1| Hordeum vulgare subsp. vulgare mRNA for predicted protein, complete cds, clone: NIASHv2072G08', 'gi|1251767691|dbj|AK449586.1| Triticum aestivum mRNA, clone: tplb0029k14, cultivar Chinese Spring', 'gi|241990168|dbj|AK330510.1| Triticum aestivum cDNA, clone: SET4_K02, cultivar: Chinese Spring', 'gi|1149839265|ref|XM_020320150.1| PREDICTED: Aegilops tauschii subsp. tauschii thiosulfate sulfurtransferase 16, chloroplastic-like (LOC109761339), transcript variant X2, mRNA', 'gi|60100237|gb|AY781360.1| Triticum aestivum senescence-associated protein (SAP) mRNA, complete cds', 'gi|1251764415|dbj|AK446696.1| Triticum aestivum mRNA, clone: CK080-B15, cultivar Chinese Spring', 'gi|1149839259|ref|XM_020320148.1| PREDICTED: Aegilops tauschii subsp. tauschii thiosulfate sulfurtransferase 16, chloroplastic-like (LOC109761336), mRNA', 'gi|1371038406|ref|XM_010241315.3| PREDICTED: Brachypodium distachyon thiosulfate sulfurtransferase 16, chloroplastic (LOC100820881), mRNA', 'gi|554788615|dbj|AK426264.1| Brachypodium distachyon mRNA, clone: PL016C01-A-013_F17']
c86308_g3_i1;['gi|1149756260|ref|XM_020344380.1| PREDICTED: Aegilops tauschii subsp. tauschii protein ECERIFERUM 3-like (LOC109785792), mRNA', 'gi|326522175|dbj|AK373019.1| Hordeum vulgare subsp. vulgare mRNA for predicted protein, partial cds, clone: NIASHv3018E06', 'gi|326493205|dbj|AK353845.1| Hordeum vulgare subsp. vulgare mRNA for predicted protein, partial cds, clone: NIASHv1003C19', 'gi|241984006|dbj|AK331948.1| Triticum aestivum cDNA, clone: WT002_M07, cultivar: Chinese Spring', 'gi|1205985547|ref|XM_002437338.2| PREDICTED: Sorghum bicolor protein ECERIFERUM 3 (LOC8058441), mRNA', 'gi|1371052491|ref|XM_003563286.4| PREDICTED: Brachypodium distachyon protein ECERIFERUM 3 (LOC100841405), mRNA', 'gi|1002845215|ref|XM_015834162.1| PREDICTED: Oryza brachyantha protein ECERIFERUM 3-like (LOC102710557), mRNA', 'gi|1443061270|ref|XM_015767728.2| PREDICTED: Oryza sativa Japonica Group protein ECERIFERUM 3 (LOC4328496), mRNA', 'gi|1435152028|ref|XM_025956578.1| PREDICTED: Panicum hallii protein ECERIFERUM 3-like (LOC112889808), mRNA', 'gi|1315009271|ref|XM_008645336.3| PREDICTED: Zea mays uncharacterized LOC100280351 (LOC100280351), transcript variant X1, mRNA']
c86331_g4_i1;['gi|833819148|gb|KP717036.1| Triticum turgidum subsp. durum cultivar Creso TZF1-B gene, complete cds', 'gi|241989785|dbj|AK330326.1| Triticum aestivum cDNA, clone: SET4_D01, cultivar: Chinese Spring', 'gi|1149735123|ref|XM_020336431.1| PREDICTED: Aegilops tauschii subsp. tauschii zinc finger CCCH domain-containing protein 2-like (LOC109777876), mRNA', 'gi|833819158|gb|KP717039.1| Triticum turgidum subsp. durum cultivar Creso TZF1-B mRNA, complete cds', 'gi|833819145|gb|KP717035.1| Triticum turgidum subsp. durum cultivar Creso TZF1-A gene, complete cds', 'gi|833819136|gb|KP717034.1| Triticum aestivum cultivar Chinese Spring TZF1 gene, complete cds', 'gi|833819156|gb|KP717038.1| Triticum turgidum subsp. durum cultivar Creso TZF1-A mRNA, complete cds', 'gi|833819153|gb|KP717037.1| Triticum aestivum cultivar Chinese Spring TZF1 mRNA, complete cds', 'gi|326511997|dbj|AK364777.1| Hordeum vulgare subsp. vulgare mRNA for predicted protein, complete cds, clone: NIASHv2028F04', 'gi|326518591|dbj|AK357110.1| Hordeum vulgare subsp. vulgare mRNA for predicted protein, complete cds, clone: NIASHv1046E14']
c86486_g1_i1;['gi|1149812214|ref|XM_020309642.1| PREDICTED: Aegilops tauschii subsp. tauschii fructan 6-exohydrolase-like (LOC109750690), transcript variant X2, mRNA', 'gi|241985117|dbj|AK332377.1| Triticum aestivum cDNA, clone: WT003_N09, cultivar: Chinese Spring', 'gi|433359119|dbj|AB196524.1| Triticum aestivum 6FEH1SM mRNA for fructan 6-exohydrolase, complete cds', 'gi|1251770011|dbj|AK451826.1| Triticum aestivum mRNA, clone: tplb0050m09, cultivar Chinese Spring', 'gi|26518369|gb|AY162186.1| Triticum monococcum extracellular invertase (exin1) mRNA, complete cds', 'gi|1149812212|ref|XM_020309641.1| PREDICTED: Aegilops tauschii subsp. tauschii fructan 6-exohydrolase-like (LOC109750690), transcript variant X1, mRNA', 'gi|1398977981|gb|MH160445.1| Secale cereale putative cell wall invertase a mRNA, complete cds', 'gi|326498574|dbj|AK367512.1| Hordeum vulgare subsp. vulgare mRNA for predicted protein, complete cds, clone: NIASHv2058F09', 'gi|326498574|dbj|AK367512.1| Hordeum vulgare subsp. vulgare mRNA for predicted protein, complete cds, clone: NIASHv2058F09', 'gi|1149812268|ref|XM_020309665.1| PREDICTED: Aegilops tauschii subsp. tauschii beta-fructofuranosidase, insoluble isoenzyme 7-like (LOC109750713), mRNA', 'gi|326502449|dbj|AK364085.1| Hordeum vulgare subsp. vulgare mRNA for predicted protein, complete cds, clone: NIASHv2021I22', 'gi|326502449|dbj|AK364085.1| Hordeum vulgare subsp. vulgare mRNA for predicted protein, complete cds, clone: NIASHv2021I22']
c86497_g2_i2;['gi|1282797651|gb|MG560141.1| Triticum aestivum gamma gliadin-B1, gamma gliadin-B2, delta gliadin-B1, gamma gliadin-B4, gamma gliadin-B6, omega gliadin-B3, omega gliadin-B6, LMW-B2, and LMW-B3 genes, complete cds', 'gi|1282797651|gb|MG560141.1| Triticum aestivum gamma gliadin-B1, gamma gliadin-B2, delta gliadin-B1, gamma gliadin-B4, gamma gliadin-B6, omega gliadin-B3, omega gliadin-B6, LMW-B2, and LMW-B3 genes, complete cds', 'gi|1282797651|gb|MG560141.1| Triticum aestivum gamma gliadin-B1, gamma gliadin-B2, delta gliadin-B1, gamma gliadin-B4, gamma gliadin-B6, omega gliadin-B3, omega gliadin-B6, LMW-B2, and LMW-B3 genes, complete cds', 'gi|1282797651|gb|MG560141.1| Triticum aestivum gamma gliadin-B1, gamma gliadin-B2, delta gliadin-B1, gamma gliadin-B4, gamma gliadin-B6, omega gliadin-B3, omega gliadin-B6, LMW-B2, and LMW-B3 genes, complete cds', 'gi|1282797651|gb|MG560141.1| Triticum aestivum gamma gliadin-B1, gamma gliadin-B2, delta gliadin-B1, gamma gliadin-B4, gamma gliadin-B6, omega gliadin-B3, omega gliadin-B6, LMW-B2, and LMW-B3 genes, complete cds', 'gi|1282797651|gb|MG560141.1| Triticum aestivum gamma gliadin-B1, gamma gliadin-B2, delta gliadin-B1, gamma gliadin-B4, gamma gliadin-B6, omega gliadin-B3, omega gliadin-B6, LMW-B2, and LMW-B3 genes, complete cds', 'gi|1282797651|gb|MG560141.1| Triticum aestivum gamma gliadin-B1, gamma gliadin-B2, delta gliadin-B1, gamma gliadin-B4, gamma gliadin-B6, omega gliadin-B3, omega gliadin-B6, LMW-B2, and LMW-B3 genes, complete cds', 'gi|1282797651|gb|MG560141.1| Triticum aestivum gamma gliadin-B1, gamma gliadin-B2, delta gliadin-B1, gamma gliadin-B4, gamma gliadin-B6, omega gliadin-B3, omega gliadin-B6, LMW-B2, and LMW-B3 genes, complete cds', 'gi|1282797651|gb|MG560141.1| Triticum aestivum gamma gliadin-B1, gamma gliadin-B2, delta gliadin-B1, gamma gliadin-B4, gamma gliadin-B6, omega gliadin-B3, omega gliadin-B6, LMW-B2, and LMW-B3 genes, complete cds', 'gi|1282797651|gb|MG560141.1| Triticum aestivum gamma gliadin-B1, gamma gliadin-B2, delta gliadin-B1, gamma gliadin-B4, gamma gliadin-B6, omega gliadin-B3, omega gliadin-B6, LMW-B2, and LMW-B3 genes, complete cds', 'gi|1282797651|gb|MG560141.1| Triticum aestivum gamma gliadin-B1, gamma gliadin-B2, delta gliadin-B1, gamma gliadin-B4, gamma gliadin-B6, omega gliadin-B3, omega gliadin-B6, LMW-B2, and LMW-B3 genes, complete cds', 'gi|1282797651|gb|MG560141.1| Triticum aestivum gamma gliadin-B1, gamma gliadin-B2, delta gliadin-B1, gamma gliadin-B4, gamma gliadin-B6, omega gliadin-B3, omega gliadin-B6, LMW-B2, and LMW-B3 genes, complete cds', 'gi|1282797651|gb|MG560141.1| Triticum aestivum gamma gliadin-B1, gamma gliadin-B2, delta gliadin-B1, gamma gliadin-B4, gamma gliadin-B6, omega gliadin-B3, omega gliadin-B6, LMW-B2, and LMW-B3 genes, complete cds', 'gi|1282797651|gb|MG560141.1| Triticum aestivum gamma gliadin-B1, gamma gliadin-B2, delta gliadin-B1, gamma gliadin-B4, gamma gliadin-B6, omega gliadin-B3, omega gliadin-B6, LMW-B2, and LMW-B3 genes, complete cds', 'gi|1282797651|gb|MG560141.1| Triticum aestivum gamma gliadin-B1, gamma gliadin-B2, delta gliadin-B1, gamma gliadin-B4, gamma gliadin-B6, omega gliadin-B3, omega gliadin-B6, LMW-B2, and LMW-B3 genes, complete cds', 'gi|1282797651|gb|MG560141.1| Triticum aestivum gamma gliadin-B1, gamma gliadin-B2, delta gliadin-B1, gamma gliadin-B4, gamma gliadin-B6, omega gliadin-B3, omega gliadin-B6, LMW-B2, and LMW-B3 genes, complete cds', 'gi|1282797651|gb|MG560141.1| Triticum aestivum gamma gliadin-B1, gamma gliadin-B2, delta gliadin-B1, gamma gliadin-B4, gamma gliadin-B6, omega gliadin-B3, omega gliadin-B6, LMW-B2, and LMW-B3 genes, complete cds', 'gi|1282797651|gb|MG560141.1| Triticum aestivum gamma gliadin-B1, gamma gliadin-B2, delta gliadin-B1, gamma gliadin-B4, gamma gliadin-B6, omega gliadin-B3, omega gliadin-B6, LMW-B2, and LMW-B3 genes, complete cds', 'gi|1282797651|gb|MG560141.1| Triticum aestivum gamma gliadin-B1, gamma gliadin-B2, delta gliadin-B1, gamma gliadin-B4, gamma gliadin-B6, omega gliadin-B3, omega gliadin-B6, LMW-B2, and LMW-B3 genes, complete cds', 'gi|299109310|emb|FN564426.1| Triticum aestivum chromosome 3B-specific BAC library, contig ctg0005b', 'gi|299109310|emb|FN564426.1| Triticum aestivum chromosome 3B-specific BAC library, contig ctg0005b', 'gi|299109310|emb|FN564426.1| Triticum aestivum chromosome 3B-specific BAC library, contig ctg0005b', 'gi|299109310|emb|FN564426.1| Triticum aestivum chromosome 3B-specific BAC library, contig ctg0005b', 'gi|299109310|emb|FN564426.1| Triticum aestivum chromosome 3B-specific BAC library, contig ctg0005b', 'gi|299109310|emb|FN564426.1| Triticum aestivum chromosome 3B-specific BAC library, contig ctg0005b', 'gi|299109310|emb|FN564426.1| Triticum aestivum chromosome 3B-specific BAC library, contig ctg0005b', 'gi|299109310|emb|FN564426.1| Triticum aestivum chromosome 3B-specific BAC library, contig ctg0005b', 'gi|299109310|emb|FN564426.1| Triticum aestivum chromosome 3B-specific BAC library, contig ctg0005b', 'gi|299109310|emb|FN564426.1| Triticum aestivum chromosome 3B-specific BAC library, contig ctg0005b', 'gi|299109310|emb|FN564426.1| Triticum aestivum chromosome 3B-specific BAC library, contig ctg0005b', 'gi|299109310|emb|FN564426.1| Triticum aestivum chromosome 3B-specific BAC library, contig ctg0005b', 'gi|299109310|emb|FN564426.1| Triticum aestivum chromosome 3B-specific BAC library, contig ctg0005b', 'gi|299109310|emb|FN564426.1| Triticum aestivum chromosome 3B-specific BAC library, contig ctg0005b', 'gi|299109310|emb|FN564426.1| Triticum aestivum chromosome 3B-specific BAC library, contig ctg0005b', 'gi|299109310|emb|FN564426.1| Triticum aestivum chromosome 3B-specific BAC library, contig ctg0005b', 'gi|299109310|emb|FN564426.1| Triticum aestivum chromosome 3B-specific BAC library, contig ctg0005b', 'gi|299109310|emb|FN564426.1| Triticum aestivum chromosome 3B-specific BAC library, contig ctg0005b', 'gi|124007148|gb|EF081029.1| Triticum urartu clone BAC 292N12 genomic sequence', 'gi|1251765657|dbj|AK448487.1| Triticum aestivum mRNA, clone: tplb0060g02, cultivar Chinese Spring', 'gi|914342053|gb|KR813336.1| Hordeum vulgare subsp. vulgare cultivar Morex voucher cultivar, Morex, partial sequence', 'gi|914342053|gb|KR813336.1| Hordeum vulgare subsp. vulgare cultivar Morex voucher cultivar, Morex, partial sequence', 'gi|914342053|gb|KR813336.1| Hordeum vulgare subsp. vulgare cultivar Morex voucher cultivar, Morex, partial sequence', 'gi|914342053|gb|KR813336.1| Hordeum vulgare subsp. vulgare cultivar Morex voucher cultivar, Morex, partial sequence', 'gi|914342053|gb|KR813336.1| Hordeum vulgare subsp. vulgare cultivar Morex voucher cultivar, Morex, partial sequence', 'gi|914342053|gb|KR813336.1| Hordeum vulgare subsp. vulgare cultivar Morex voucher cultivar, Morex, partial sequence', 'gi|914342053|gb|KR813336.1| Hordeum vulgare subsp. vulgare cultivar Morex voucher cultivar, Morex, partial sequence', 'gi|914342053|gb|KR813336.1| Hordeum vulgare subsp. vulgare cultivar Morex voucher cultivar, Morex, partial sequence', 'gi|914342053|gb|KR813336.1| Hordeum vulgare subsp. vulgare cultivar Morex voucher cultivar, Morex, partial sequence', 'gi|914342053|gb|KR813336.1| Hordeum vulgare subsp. vulgare cultivar Morex voucher cultivar, Morex, partial sequence', 'gi|914342053|gb|KR813336.1| Hordeum vulgare subsp. vulgare cultivar Morex voucher cultivar, Morex, partial sequence', 'gi|914342053|gb|KR813336.1| Hordeum vulgare subsp. vulgare cultivar Morex voucher cultivar, Morex, partial sequence', 'gi|914342053|gb|KR813336.1| Hordeum vulgare subsp. vulgare cultivar Morex voucher cultivar, Morex, partial sequence', 'gi|300681419|emb|FN564427.1| Triticum aestivum chromosome 3B-specific BAC library, contig ctg0079b', 'gi|300681419|emb|FN564427.1| Triticum aestivum chromosome 3B-specific BAC library, contig ctg0079b', 'gi|300681419|emb|FN564427.1| Triticum aestivum chromosome 3B-specific BAC library, contig ctg0079b', 'gi|300681419|emb|FN564427.1| Triticum aestivum chromosome 3B-specific BAC library, contig ctg0079b', 'gi|300681419|emb|FN564427.1| Triticum aestivum chromosome 3B-specific BAC library, contig ctg0079b', 'gi|300681419|emb|FN564427.1| Triticum aestivum chromosome 3B-specific BAC library, contig ctg0079b', 'gi|300681419|emb|FN564427.1| Triticum aestivum chromosome 3B-specific BAC library, contig ctg0079b', 'gi|300681419|emb|FN564427.1| Triticum aestivum chromosome 3B-specific BAC library, contig ctg0079b', 'gi|300681419|emb|FN564427.1| Triticum aestivum chromosome 3B-specific BAC library, contig ctg0079b', 'gi|914342059|gb|KR813337.1| Hordeum vulgare subsp. vulgare cultivar Haruna Nijo voucher J247, partial sequence', 'gi|914342059|gb|KR813337.1| Hordeum vulgare subsp. vulgare cultivar Haruna Nijo voucher J247, partial sequence', 'gi|914342059|gb|KR813337.1| Hordeum vulgare subsp. vulgare cultivar Haruna Nijo voucher J247, partial sequence', 'gi|914342059|gb|KR813337.1| Hordeum vulgare subsp. vulgare cultivar Haruna Nijo voucher J247, partial sequence', 'gi|914342059|gb|KR813337.1| Hordeum vulgare subsp. vulgare cultivar Haruna Nijo voucher J247, partial sequence', 'gi|914342059|gb|KR813337.1| Hordeum vulgare subsp. vulgare cultivar Haruna Nijo voucher J247, partial sequence', 'gi|914342059|gb|KR813337.1| Hordeum vulgare subsp. vulgare cultivar Haruna Nijo voucher J247, partial sequence', 'gi|914342059|gb|KR813337.1| Hordeum vulgare subsp. vulgare cultivar Haruna Nijo voucher J247, partial sequence', 'gi|914342059|gb|KR813337.1| Hordeum vulgare subsp. vulgare cultivar Haruna Nijo voucher J247, partial sequence', 'gi|914342048|gb|KR813335.1| Hordeum vulgare subsp. spontaneum voucher OUH602, partial sequence', 'gi|914342048|gb|KR813335.1| Hordeum vulgare subsp. spontaneum voucher OUH602, partial sequence', 'gi|914342048|gb|KR813335.1| Hordeum vulgare subsp. spontaneum voucher OUH602, partial sequence', 'gi|914342048|gb|KR813335.1| Hordeum vulgare subsp. spontaneum voucher OUH602, partial sequence', 'gi|914342048|gb|KR813335.1| Hordeum vulgare subsp. spontaneum voucher OUH602, partial sequence', 'gi|914342048|gb|KR813335.1| Hordeum vulgare subsp. spontaneum voucher OUH602, partial sequence', 'gi|914342048|gb|KR813335.1| Hordeum vulgare subsp. spontaneum voucher OUH602, partial sequence', 'gi|591390447|gb|JX295577.2| Aegilops tauschii chromosome 1Ds prolamin gene locus, complete sequence', 'gi|591390447|gb|JX295577.2| Aegilops tauschii chromosome 1Ds prolamin gene locus, complete sequence', 'gi|591390447|gb|JX295577.2| Aegilops tauschii chromosome 1Ds prolamin gene locus, complete sequence', 'gi|591390447|gb|JX295577.2| Aegilops tauschii chromosome 1Ds prolamin gene locus, complete sequence', 'gi|591390447|gb|JX295577.2| Aegilops tauschii chromosome 1Ds prolamin gene locus, complete sequence', 'gi|591390447|gb|JX295577.2| Aegilops tauschii chromosome 1Ds prolamin gene locus, complete sequence', 'gi|591390447|gb|JX295577.2| Aegilops tauschii chromosome 1Ds prolamin gene locus, complete sequence', 'gi|591390447|gb|JX295577.2| Aegilops tauschii chromosome 1Ds prolamin gene locus, complete sequence', 'gi|591390447|gb|JX295577.2| Aegilops tauschii chromosome 1Ds prolamin gene locus, complete sequence', 'gi|591390447|gb|JX295577.2| Aegilops tauschii chromosome 1Ds prolamin gene locus, complete sequence', 'gi|591390447|gb|JX295577.2| Aegilops tauschii chromosome 1Ds prolamin gene locus, complete sequence', 'gi|591390447|gb|JX295577.2| Aegilops tauschii chromosome 1Ds prolamin gene locus, complete sequence', 'gi|591390447|gb|JX295577.2| Aegilops tauschii chromosome 1Ds prolamin gene locus, complete sequence', 'gi|591390447|gb|JX295577.2| Aegilops tauschii chromosome 1Ds prolamin gene locus, complete sequence', 'gi|591390447|gb|JX295577.2| Aegilops tauschii chromosome 1Ds prolamin gene locus, complete sequence', 'gi|591390447|gb|JX295577.2| Aegilops tauschii chromosome 1Ds prolamin gene locus, complete sequence', 'gi|591390447|gb|JX295577.2| Aegilops tauschii chromosome 1Ds prolamin gene locus, complete sequence', 'gi|591390447|gb|JX295577.2| Aegilops tauschii chromosome 1Ds prolamin gene locus, complete sequence', 'gi|591390447|gb|JX295577.2| Aegilops tauschii chromosome 1Ds prolamin gene locus, complete sequence', 'gi|1487768255|gb|MG672525.1| Triticum timopheevii subsp. timopheevii isolate QPm.tut-4A powdery mildew resistance region genomic sequence']
c87471_g4_i1;['gi|1149745235|ref|XM_020340177.1| PREDICTED: Aegilops tauschii subsp. tauschii BTB/POZ and MATH domain-containing protein 2-like (LOC109781587), mRNA', 'gi|326525223|dbj|AK376687.1| Hordeum vulgare subsp. vulgare mRNA for predicted protein, complete cds, clone: NIASHv3131L11', 'gi|1149802596|ref|XM_020305922.1| PREDICTED: Aegilops tauschii subsp. tauschii BTB/POZ and MATH domain-containing protein 2-like (LOC109746820), transcript variant X2, mRNA', 'gi|1149802594|ref|XM_020305921.1| PREDICTED: Aegilops tauschii subsp. tauschii BTB/POZ and MATH domain-containing protein 2-like (LOC109746820), transcript variant X1, mRNA', 'gi|1149745247|ref|XM_020340183.1| PREDICTED: Aegilops tauschii subsp. tauschii BTB/POZ and MATH domain-containing protein 2-like (LOC109781592), transcript variant X2, mRNA', 'gi|1149745245|ref|XM_020340182.1| PREDICTED: Aegilops tauschii subsp. tauschii BTB/POZ and MATH domain-containing protein 2-like (LOC109781592), transcript variant X1, mRNA', 'gi|326520424|dbj|AK376276.1| Hordeum vulgare subsp. vulgare mRNA for predicted protein, complete cds, clone: NIASHv3119M02', 'gi|151421339|dbj|AK248323.1| Hordeum vulgare subsp. vulgare cDNA clone: FLbaf54k05, mRNA sequence', 'gi|1149810072|ref|XM_020308782.1| PREDICTED: Aegilops tauschii subsp. tauschii BTB/POZ and MATH domain-containing protein 2-like (LOC109749838), mRNA', 'gi|1149749522|ref|XM_020341793.1| PREDICTED: Aegilops tauschii subsp. tauschii BTB/POZ and MATH domain-containing protein 2-like (LOC109783193), mRNA', 'gi|1149749522|ref|XM_020341793.1| PREDICTED: Aegilops tauschii subsp. tauschii BTB/POZ and MATH domain-containing protein 2-like (LOC109783193), mRNA']
c87686_g2_i3;['gi|1149554870|gb|KY327925.1| Secale cereale clone HK1-50 repeat region', 'gi|1149554860|gb|KY327915.1| Secale cereale clone HK1-25 repeat region', 'gi|340007134|dbj|AB646253.1| Secale cereale DNA, transposon Revolver-5, complete sequence', 'gi|157679159|dbj|AB124643.1| Secale cereale Revolver-5 pseudogene for transposase', 'gi|300681434|emb|FN564428.1| Triticum aestivum chromosome 3B-specific BAC library, contig ctg0091b', 'gi|300681434|emb|FN564428.1| Triticum aestivum chromosome 3B-specific BAC library, contig ctg0091b', 'gi|300681434|emb|FN564428.1| Triticum aestivum chromosome 3B-specific BAC library, contig ctg0091b', 'gi|300681434|emb|FN564428.1| Triticum aestivum chromosome 3B-specific BAC library, contig ctg0091b', 'gi|300681434|emb|FN564428.1| Triticum aestivum chromosome 3B-specific BAC library, contig ctg0091b', 'gi|300681434|emb|FN564428.1| Triticum aestivum chromosome 3B-specific BAC library, contig ctg0091b', 'gi|300681434|emb|FN564428.1| Triticum aestivum chromosome 3B-specific BAC library, contig ctg0091b', 'gi|300681434|emb|FN564428.1| Triticum aestivum chromosome 3B-specific BAC library, contig ctg0091b', 'gi|300681434|emb|FN564428.1| Triticum aestivum chromosome 3B-specific BAC library, contig ctg0091b', 'gi|300681434|emb|FN564428.1| Triticum aestivum chromosome 3B-specific BAC library, contig ctg0091b', 'gi|300681434|emb|FN564428.1| Triticum aestivum chromosome 3B-specific BAC library, contig ctg0091b', 'gi|300681434|emb|FN564428.1| Triticum aestivum chromosome 3B-specific BAC library, contig ctg0091b', 'gi|300681434|emb|FN564428.1| Triticum aestivum chromosome 3B-specific BAC library, contig ctg0091b', 'gi|300681434|emb|FN564428.1| Triticum aestivum chromosome 3B-specific BAC library, contig ctg0091b', 'gi|300681434|emb|FN564428.1| Triticum aestivum chromosome 3B-specific BAC library, contig ctg0091b', 'gi|300681434|emb|FN564428.1| Triticum aestivum chromosome 3B-specific BAC library, contig ctg0091b', 'gi|300681434|emb|FN564428.1| Triticum aestivum chromosome 3B-specific BAC library, contig ctg0091b', 'gi|300681434|emb|FN564428.1| Triticum aestivum chromosome 3B-specific BAC library, contig ctg0091b', 'gi|300681434|emb|FN564428.1| Triticum aestivum chromosome 3B-specific BAC library, contig ctg0091b', 'gi|300681434|emb|FN564428.1| Triticum aestivum chromosome 3B-specific BAC library, contig ctg0091b', 'gi|300681434|emb|FN564428.1| Triticum aestivum chromosome 3B-specific BAC library, contig ctg0091b', 'gi|300681434|emb|FN564428.1| Triticum aestivum chromosome 3B-specific BAC library, contig ctg0091b', 'gi|300681434|emb|FN564428.1| Triticum aestivum chromosome 3B-specific BAC library, contig ctg0091b', 'gi|300681434|emb|FN564428.1| Triticum aestivum chromosome 3B-specific BAC library, contig ctg0091b', 'gi|300681517|emb|FN564434.1| Triticum aestivum chromosome 3B-specific BAC library, contig ctg0954b', 'gi|300681517|emb|FN564434.1| Triticum aestivum chromosome 3B-specific BAC library, contig ctg0954b', 'gi|300681517|emb|FN564434.1| Triticum aestivum chromosome 3B-specific BAC library, contig ctg0954b', 'gi|300681517|emb|FN564434.1| Triticum aestivum chromosome 3B-specific BAC library, contig ctg0954b', 'gi|300681419|emb|FN564427.1| Triticum aestivum chromosome 3B-specific BAC library, contig ctg0079b', 'gi|300681419|emb|FN564427.1| Triticum aestivum chromosome 3B-specific BAC library, contig ctg0079b', 'gi|300681466|emb|FN564430.1| Triticum aestivum chromosome 3B-specific BAC library, contig ctg0464b', 'gi|300681466|emb|FN564430.1| Triticum aestivum chromosome 3B-specific BAC library, contig ctg0464b', 'gi|300681466|emb|FN564430.1| Triticum aestivum chromosome 3B-specific BAC library, contig ctg0464b', 'gi|300681466|emb|FN564430.1| Triticum aestivum chromosome 3B-specific BAC library, contig ctg0464b', 'gi|300681466|emb|FN564430.1| Triticum aestivum chromosome 3B-specific BAC library, contig ctg0464b', 'gi|300681466|emb|FN564430.1| Triticum aestivum chromosome 3B-specific BAC library, contig ctg0464b', 'gi|300681466|emb|FN564430.1| Triticum aestivum chromosome 3B-specific BAC library, contig ctg0464b', 'gi|300681466|emb|FN564430.1| Triticum aestivum chromosome 3B-specific BAC library, contig ctg0464b', 'gi|300681466|emb|FN564430.1| Triticum aestivum chromosome 3B-specific BAC library, contig ctg0464b', 'gi|300681466|emb|FN564430.1| Triticum aestivum chromosome 3B-specific BAC library, contig ctg0464b', 'gi|300681466|emb|FN564430.1| Triticum aestivum chromosome 3B-specific BAC library, contig ctg0464b', 'gi|300681466|emb|FN564430.1| Triticum aestivum chromosome 3B-specific BAC library, contig ctg0464b', 'gi|478246245|emb|HF541870.1| Triticum aestivum chromosome 3B specific BAC library, BAC clone TaaCsp3BFhA_0033D06', 'gi|478246245|emb|HF541870.1| Triticum aestivum chromosome 3B specific BAC library, BAC clone TaaCsp3BFhA_0033D06', 'gi|478246249|emb|HF541873.1| Triticum aestivum chromosome 3B specific BAC library, BAC clone TaaCsp3BFhA_0111F24', 'gi|478246249|emb|HF541873.1| Triticum aestivum chromosome 3B specific BAC library, BAC clone TaaCsp3BFhA_0111F24']
c139542_g1_i1;['gi|1002839152|ref|XR_001551815.1| PREDICTED: Oryza brachyantha uncharacterized LOC107305595 (LOC107305595), ncRNA']
c141161_g1_i1;['gi|326516457|dbj|AK361177.1| Hordeum vulgare subsp. vulgare mRNA for predicted protein, partial cds, clone: NIASHv1134H23']
c143597_g1_i1;['gi|1149843766|ref|XR_002232823.1| PREDICTED: Aegilops tauschii subsp. tauschii uncharacterized LOC109763063 (LOC109763063), ncRNA']
